feature,why
NAME_CONTRACT_TYPE,Domain- or aggregation-based feature summarizing patterns that models may struggle to derive.
CODE_GENDER,Domain- or aggregation-based feature summarizing patterns that models may struggle to derive.
FLAG_OWN_CAR,Binary indicator; simple yet often strong signals for specific conditions.
FLAG_OWN_REALTY,Binary indicator; simple yet often strong signals for specific conditions.
CNT_CHILDREN,Count-based feature; activity/application volume can relate to risk.
AMT_INCOME_TOTAL,Amount-level feature; combine with ratios/normalization to reduce scale effects.
AMT_CREDIT,Amount-level feature; combine with ratios/normalization to reduce scale effects.
AMT_ANNUITY,Amount-level feature; combine with ratios/normalization to reduce scale effects.
AMT_GOODS_PRICE,Amount-level feature; combine with ratios/normalization to reduce scale effects.
NAME_TYPE_SUITE,Domain- or aggregation-based feature summarizing patterns that models may struggle to derive.
NAME_INCOME_TYPE,Domain- or aggregation-based feature summarizing patterns that models may struggle to derive.
NAME_EDUCATION_TYPE,Domain- or aggregation-based feature summarizing patterns that models may struggle to derive.
NAME_FAMILY_STATUS,Domain- or aggregation-based feature summarizing patterns that models may struggle to derive.
NAME_HOUSING_TYPE,Domain- or aggregation-based feature summarizing patterns that models may struggle to derive.
REGION_POPULATION_RELATIVE,Domain- or aggregation-based feature summarizing patterns that models may struggle to derive.
DAYS_BIRTH,Time/lag feature; duration and recency often correlate with risk.
DAYS_EMPLOYED,Time/lag feature; duration and recency often correlate with risk.
DAYS_REGISTRATION,Time/lag feature; duration and recency often correlate with risk.
DAYS_ID_PUBLISH,Time/lag feature; duration and recency often correlate with risk.
OWN_CAR_AGE,Domain- or aggregation-based feature summarizing patterns that models may struggle to derive.
FLAG_MOBIL,Binary indicator; simple yet often strong signals for specific conditions.
FLAG_EMP_PHONE,Binary indicator; simple yet often strong signals for specific conditions.
FLAG_WORK_PHONE,Binary indicator; simple yet often strong signals for specific conditions.
FLAG_CONT_MOBILE,Binary indicator; simple yet often strong signals for specific conditions.
FLAG_PHONE,Binary indicator; simple yet often strong signals for specific conditions.
FLAG_EMAIL,Binary indicator; simple yet often strong signals for specific conditions.
OCCUPATION_TYPE,Domain- or aggregation-based feature summarizing patterns that models may struggle to derive.
CNT_FAM_MEMBERS,Count-based feature; activity/application volume can relate to risk.
REGION_RATING_CLIENT,Domain- or aggregation-based feature summarizing patterns that models may struggle to derive.
REGION_RATING_CLIENT_W_CITY,Domain- or aggregation-based feature summarizing patterns that models may struggle to derive.
WEEKDAY_APPR_PROCESS_START,Domain- or aggregation-based feature summarizing patterns that models may struggle to derive.
HOUR_APPR_PROCESS_START,Domain- or aggregation-based feature summarizing patterns that models may struggle to derive.
REG_REGION_NOT_LIVE_REGION,Domain- or aggregation-based feature summarizing patterns that models may struggle to derive.
REG_REGION_NOT_WORK_REGION,Domain- or aggregation-based feature summarizing patterns that models may struggle to derive.
LIVE_REGION_NOT_WORK_REGION,Domain- or aggregation-based feature summarizing patterns that models may struggle to derive.
REG_CITY_NOT_LIVE_CITY,Domain- or aggregation-based feature summarizing patterns that models may struggle to derive.
REG_CITY_NOT_WORK_CITY,Domain- or aggregation-based feature summarizing patterns that models may struggle to derive.
LIVE_CITY_NOT_WORK_CITY,Domain- or aggregation-based feature summarizing patterns that models may struggle to derive.
ORGANIZATION_TYPE,Domain- or aggregation-based feature summarizing patterns that models may struggle to derive.
EXT_SOURCE_1,Domain- or aggregation-based feature summarizing patterns that models may struggle to derive.
EXT_SOURCE_2,Domain- or aggregation-based feature summarizing patterns that models may struggle to derive.
EXT_SOURCE_3,Domain- or aggregation-based feature summarizing patterns that models may struggle to derive.
APARTMENTS_AVG,Domain- or aggregation-based feature summarizing patterns that models may struggle to derive.
BASEMENTAREA_AVG,Domain- or aggregation-based feature summarizing patterns that models may struggle to derive.
YEARS_BEGINEXPLUATATION_AVG,Domain- or aggregation-based feature summarizing patterns that models may struggle to derive.
YEARS_BUILD_AVG,Domain- or aggregation-based feature summarizing patterns that models may struggle to derive.
COMMONAREA_AVG,Domain- or aggregation-based feature summarizing patterns that models may struggle to derive.
ELEVATORS_AVG,Domain- or aggregation-based feature summarizing patterns that models may struggle to derive.
ENTRANCES_AVG,Domain- or aggregation-based feature summarizing patterns that models may struggle to derive.
FLOORSMAX_AVG,Domain- or aggregation-based feature summarizing patterns that models may struggle to derive.
FLOORSMIN_AVG,Domain- or aggregation-based feature summarizing patterns that models may struggle to derive.
LANDAREA_AVG,Domain- or aggregation-based feature summarizing patterns that models may struggle to derive.
LIVINGAPARTMENTS_AVG,Domain- or aggregation-based feature summarizing patterns that models may struggle to derive.
LIVINGAREA_AVG,Domain- or aggregation-based feature summarizing patterns that models may struggle to derive.
NONLIVINGAPARTMENTS_AVG,Domain- or aggregation-based feature summarizing patterns that models may struggle to derive.
NONLIVINGAREA_AVG,Domain- or aggregation-based feature summarizing patterns that models may struggle to derive.
APARTMENTS_MODE,Domain- or aggregation-based feature summarizing patterns that models may struggle to derive.
BASEMENTAREA_MODE,Domain- or aggregation-based feature summarizing patterns that models may struggle to derive.
YEARS_BEGINEXPLUATATION_MODE,Domain- or aggregation-based feature summarizing patterns that models may struggle to derive.
YEARS_BUILD_MODE,Domain- or aggregation-based feature summarizing patterns that models may struggle to derive.
COMMONAREA_MODE,Domain- or aggregation-based feature summarizing patterns that models may struggle to derive.
ELEVATORS_MODE,Domain- or aggregation-based feature summarizing patterns that models may struggle to derive.
ENTRANCES_MODE,Domain- or aggregation-based feature summarizing patterns that models may struggle to derive.
FLOORSMAX_MODE,Domain- or aggregation-based feature summarizing patterns that models may struggle to derive.
FLOORSMIN_MODE,Domain- or aggregation-based feature summarizing patterns that models may struggle to derive.
LANDAREA_MODE,Domain- or aggregation-based feature summarizing patterns that models may struggle to derive.
LIVINGAPARTMENTS_MODE,Domain- or aggregation-based feature summarizing patterns that models may struggle to derive.
LIVINGAREA_MODE,Domain- or aggregation-based feature summarizing patterns that models may struggle to derive.
NONLIVINGAPARTMENTS_MODE,Domain- or aggregation-based feature summarizing patterns that models may struggle to derive.
NONLIVINGAREA_MODE,Domain- or aggregation-based feature summarizing patterns that models may struggle to derive.
APARTMENTS_MEDI,Domain- or aggregation-based feature summarizing patterns that models may struggle to derive.
BASEMENTAREA_MEDI,Domain- or aggregation-based feature summarizing patterns that models may struggle to derive.
YEARS_BEGINEXPLUATATION_MEDI,Domain- or aggregation-based feature summarizing patterns that models may struggle to derive.
YEARS_BUILD_MEDI,Domain- or aggregation-based feature summarizing patterns that models may struggle to derive.
COMMONAREA_MEDI,Domain- or aggregation-based feature summarizing patterns that models may struggle to derive.
ELEVATORS_MEDI,Domain- or aggregation-based feature summarizing patterns that models may struggle to derive.
ENTRANCES_MEDI,Domain- or aggregation-based feature summarizing patterns that models may struggle to derive.
FLOORSMAX_MEDI,Domain- or aggregation-based feature summarizing patterns that models may struggle to derive.
FLOORSMIN_MEDI,Domain- or aggregation-based feature summarizing patterns that models may struggle to derive.
LANDAREA_MEDI,Domain- or aggregation-based feature summarizing patterns that models may struggle to derive.
LIVINGAPARTMENTS_MEDI,Domain- or aggregation-based feature summarizing patterns that models may struggle to derive.
LIVINGAREA_MEDI,Domain- or aggregation-based feature summarizing patterns that models may struggle to derive.
NONLIVINGAPARTMENTS_MEDI,Domain- or aggregation-based feature summarizing patterns that models may struggle to derive.
NONLIVINGAREA_MEDI,Domain- or aggregation-based feature summarizing patterns that models may struggle to derive.
FONDKAPREMONT_MODE,Domain- or aggregation-based feature summarizing patterns that models may struggle to derive.
HOUSETYPE_MODE,Domain- or aggregation-based feature summarizing patterns that models may struggle to derive.
TOTALAREA_MODE,Domain- or aggregation-based feature summarizing patterns that models may struggle to derive.
WALLSMATERIAL_MODE,Domain- or aggregation-based feature summarizing patterns that models may struggle to derive.
EMERGENCYSTATE_MODE,Domain- or aggregation-based feature summarizing patterns that models may struggle to derive.
OBS_30_CNT_SOCIAL_CIRCLE,Count-based feature; activity/application volume can relate to risk.
DEF_30_CNT_SOCIAL_CIRCLE,Count-based feature; activity/application volume can relate to risk.
OBS_60_CNT_SOCIAL_CIRCLE,Count-based feature; activity/application volume can relate to risk.
DEF_60_CNT_SOCIAL_CIRCLE,Count-based feature; activity/application volume can relate to risk.
DAYS_LAST_PHONE_CHANGE,Time/lag feature; duration and recency often correlate with risk.
FLAG_DOCUMENT_2,Binary indicator; simple yet often strong signals for specific conditions.
FLAG_DOCUMENT_3,Binary indicator; simple yet often strong signals for specific conditions.
FLAG_DOCUMENT_4,Binary indicator; simple yet often strong signals for specific conditions.
FLAG_DOCUMENT_5,Binary indicator; simple yet often strong signals for specific conditions.
FLAG_DOCUMENT_6,Binary indicator; simple yet often strong signals for specific conditions.
FLAG_DOCUMENT_7,Binary indicator; simple yet often strong signals for specific conditions.
FLAG_DOCUMENT_8,Binary indicator; simple yet often strong signals for specific conditions.
FLAG_DOCUMENT_9,Binary indicator; simple yet often strong signals for specific conditions.
FLAG_DOCUMENT_10,Binary indicator; simple yet often strong signals for specific conditions.
FLAG_DOCUMENT_11,Binary indicator; simple yet often strong signals for specific conditions.
FLAG_DOCUMENT_12,Binary indicator; simple yet often strong signals for specific conditions.
FLAG_DOCUMENT_13,Binary indicator; simple yet often strong signals for specific conditions.
FLAG_DOCUMENT_14,Binary indicator; simple yet often strong signals for specific conditions.
FLAG_DOCUMENT_15,Binary indicator; simple yet often strong signals for specific conditions.
FLAG_DOCUMENT_16,Binary indicator; simple yet often strong signals for specific conditions.
FLAG_DOCUMENT_17,Binary indicator; simple yet often strong signals for specific conditions.
FLAG_DOCUMENT_18,Binary indicator; simple yet often strong signals for specific conditions.
FLAG_DOCUMENT_19,Binary indicator; simple yet often strong signals for specific conditions.
FLAG_DOCUMENT_20,Binary indicator; simple yet often strong signals for specific conditions.
FLAG_DOCUMENT_21,Binary indicator; simple yet often strong signals for specific conditions.
AMT_REQ_CREDIT_BUREAU_HOUR,Amount-level feature; combine with ratios/normalization to reduce scale effects.
AMT_REQ_CREDIT_BUREAU_DAY,Amount-level feature; combine with ratios/normalization to reduce scale effects.
AMT_REQ_CREDIT_BUREAU_WEEK,Amount-level feature; combine with ratios/normalization to reduce scale effects.
AMT_REQ_CREDIT_BUREAU_MON,Amount-level feature; combine with ratios/normalization to reduce scale effects.
AMT_REQ_CREDIT_BUREAU_QRT,Amount-level feature; combine with ratios/normalization to reduce scale effects.
AMT_REQ_CREDIT_BUREAU_YEAR,Amount-level feature; combine with ratios/normalization to reduce scale effects.
CREDIT_INCOME_RATIO,Leverage proxy: loan amount vs. income. Higher values imply higher repayment burden.
ANNUITY_INCOME_RATIO,Debt service ratio proxy: annualized annuity vs. income; captures affordability.
CREDIT_GOODS_RATIO,Loan-to-price ratio: loan amount vs. goods price; high values can be risk signal.
AGE_YEARS,Age in years. Risk can be non-linear across ages; important control variable.
EMPLOYMENT_YEARS,Tenure in years. Longer employment often implies income stability and lower risk.
DAYS_EMPLOYED_PERCENT,Employment proportion over lifespan; age-adjusted employment stability.
EXT_SOURCE_MEAN,Aggregates external credit scores to stabilize noisy single-source signals.
EXT_SOURCE_STD,Aggregates external credit scores to stabilize noisy single-source signals.
EXT_SOURCE_MIN,Aggregates external credit scores to stabilize noisy single-source signals.
EXT_SOURCE_MAX,Aggregates external credit scores to stabilize noisy single-source signals.
BUREAU_DAYS_CREDIT_mean,"Aggregated bureau-level stats summarizing past credit behavior (e.g., balances, delinquencies)."
BUREAU_DAYS_CREDIT_max,"Aggregated bureau-level stats summarizing past credit behavior (e.g., balances, delinquencies)."
BUREAU_DAYS_CREDIT_min,"Aggregated bureau-level stats summarizing past credit behavior (e.g., balances, delinquencies)."
BUREAU_CREDIT_DAY_OVERDUE_mean,"Aggregated bureau-level stats summarizing past credit behavior (e.g., balances, delinquencies)."
BUREAU_CREDIT_DAY_OVERDUE_max,"Aggregated bureau-level stats summarizing past credit behavior (e.g., balances, delinquencies)."
BUREAU_CREDIT_DAY_OVERDUE_min,"Aggregated bureau-level stats summarizing past credit behavior (e.g., balances, delinquencies)."
BUREAU_DAYS_CREDIT_ENDDATE_mean,"Aggregated bureau-level stats summarizing past credit behavior (e.g., balances, delinquencies)."
BUREAU_DAYS_CREDIT_ENDDATE_max,"Aggregated bureau-level stats summarizing past credit behavior (e.g., balances, delinquencies)."
BUREAU_DAYS_CREDIT_ENDDATE_min,"Aggregated bureau-level stats summarizing past credit behavior (e.g., balances, delinquencies)."
BUREAU_DAYS_ENDDATE_FACT_mean,"Aggregated bureau-level stats summarizing past credit behavior (e.g., balances, delinquencies)."
BUREAU_DAYS_ENDDATE_FACT_max,"Aggregated bureau-level stats summarizing past credit behavior (e.g., balances, delinquencies)."
BUREAU_DAYS_ENDDATE_FACT_min,"Aggregated bureau-level stats summarizing past credit behavior (e.g., balances, delinquencies)."
BUREAU_AMT_CREDIT_MAX_OVERDUE_mean,"Aggregated bureau-level stats summarizing past credit behavior (e.g., balances, delinquencies)."
BUREAU_AMT_CREDIT_MAX_OVERDUE_max,"Aggregated bureau-level stats summarizing past credit behavior (e.g., balances, delinquencies)."
BUREAU_AMT_CREDIT_MAX_OVERDUE_min,"Aggregated bureau-level stats summarizing past credit behavior (e.g., balances, delinquencies)."
BUREAU_CNT_CREDIT_PROLONG_mean,"Aggregated bureau-level stats summarizing past credit behavior (e.g., balances, delinquencies)."
BUREAU_CNT_CREDIT_PROLONG_max,"Aggregated bureau-level stats summarizing past credit behavior (e.g., balances, delinquencies)."
BUREAU_CNT_CREDIT_PROLONG_min,"Aggregated bureau-level stats summarizing past credit behavior (e.g., balances, delinquencies)."
BUREAU_AMT_CREDIT_SUM_mean,"Aggregated bureau-level stats summarizing past credit behavior (e.g., balances, delinquencies)."
BUREAU_AMT_CREDIT_SUM_max,"Aggregated bureau-level stats summarizing past credit behavior (e.g., balances, delinquencies)."
BUREAU_AMT_CREDIT_SUM_min,"Aggregated bureau-level stats summarizing past credit behavior (e.g., balances, delinquencies)."
BUREAU_AMT_CREDIT_SUM_DEBT_mean,"Aggregated bureau-level stats summarizing past credit behavior (e.g., balances, delinquencies)."
BUREAU_AMT_CREDIT_SUM_DEBT_max,"Aggregated bureau-level stats summarizing past credit behavior (e.g., balances, delinquencies)."
BUREAU_AMT_CREDIT_SUM_DEBT_min,"Aggregated bureau-level stats summarizing past credit behavior (e.g., balances, delinquencies)."
BUREAU_AMT_CREDIT_SUM_LIMIT_mean,"Aggregated bureau-level stats summarizing past credit behavior (e.g., balances, delinquencies)."
BUREAU_AMT_CREDIT_SUM_LIMIT_max,"Aggregated bureau-level stats summarizing past credit behavior (e.g., balances, delinquencies)."
BUREAU_AMT_CREDIT_SUM_LIMIT_min,"Aggregated bureau-level stats summarizing past credit behavior (e.g., balances, delinquencies)."
BUREAU_AMT_CREDIT_SUM_OVERDUE_mean,"Aggregated bureau-level stats summarizing past credit behavior (e.g., balances, delinquencies)."
BUREAU_AMT_CREDIT_SUM_OVERDUE_max,"Aggregated bureau-level stats summarizing past credit behavior (e.g., balances, delinquencies)."
BUREAU_AMT_CREDIT_SUM_OVERDUE_min,"Aggregated bureau-level stats summarizing past credit behavior (e.g., balances, delinquencies)."
BUREAU_DAYS_CREDIT_UPDATE_mean,"Aggregated bureau-level stats summarizing past credit behavior (e.g., balances, delinquencies)."
BUREAU_DAYS_CREDIT_UPDATE_max,"Aggregated bureau-level stats summarizing past credit behavior (e.g., balances, delinquencies)."
BUREAU_DAYS_CREDIT_UPDATE_min,"Aggregated bureau-level stats summarizing past credit behavior (e.g., balances, delinquencies)."
BUREAU_AMT_ANNUITY_mean,"Aggregated bureau-level stats summarizing past credit behavior (e.g., balances, delinquencies)."
BUREAU_AMT_ANNUITY_max,"Aggregated bureau-level stats summarizing past credit behavior (e.g., balances, delinquencies)."
BUREAU_AMT_ANNUITY_min,"Aggregated bureau-level stats summarizing past credit behavior (e.g., balances, delinquencies)."
BUREAU_BB_MONTHS_BALANCE_min_mean,"Aggregated bureau-level stats summarizing past credit behavior (e.g., balances, delinquencies)."
BUREAU_BB_MONTHS_BALANCE_min_max,"Aggregated bureau-level stats summarizing past credit behavior (e.g., balances, delinquencies)."
BUREAU_BB_MONTHS_BALANCE_min_min,"Aggregated bureau-level stats summarizing past credit behavior (e.g., balances, delinquencies)."
BUREAU_BB_MONTHS_BALANCE_max_mean,"Aggregated bureau-level stats summarizing past credit behavior (e.g., balances, delinquencies)."
BUREAU_BB_MONTHS_BALANCE_max_max,"Aggregated bureau-level stats summarizing past credit behavior (e.g., balances, delinquencies)."
BUREAU_BB_MONTHS_BALANCE_max_min,"Aggregated bureau-level stats summarizing past credit behavior (e.g., balances, delinquencies)."
BUREAU_BB_MONTHS_BALANCE_mean_mean,"Aggregated bureau-level stats summarizing past credit behavior (e.g., balances, delinquencies)."
BUREAU_BB_MONTHS_BALANCE_mean_max,"Aggregated bureau-level stats summarizing past credit behavior (e.g., balances, delinquencies)."
BUREAU_BB_MONTHS_BALANCE_mean_min,"Aggregated bureau-level stats summarizing past credit behavior (e.g., balances, delinquencies)."
BUREAU_BB_STATUS_<lambda>_mean,"Aggregated bureau-level stats summarizing past credit behavior (e.g., balances, delinquencies)."
BUREAU_BB_STATUS_<lambda>_max,"Aggregated bureau-level stats summarizing past credit behavior (e.g., balances, delinquencies)."
BUREAU_BB_STATUS_<lambda>_min,"Aggregated bureau-level stats summarizing past credit behavior (e.g., balances, delinquencies)."
PREV_AMT_ANNUITY_mean,Aggregates from previous applications; patterns of approvals/denials relate to risk.
PREV_AMT_ANNUITY_max,Aggregates from previous applications; patterns of approvals/denials relate to risk.
PREV_AMT_ANNUITY_min,Aggregates from previous applications; patterns of approvals/denials relate to risk.
PREV_AMT_APPLICATION_mean,Aggregates from previous applications; patterns of approvals/denials relate to risk.
PREV_AMT_APPLICATION_max,Aggregates from previous applications; patterns of approvals/denials relate to risk.
PREV_AMT_APPLICATION_min,Aggregates from previous applications; patterns of approvals/denials relate to risk.
PREV_AMT_CREDIT_mean,Aggregates from previous applications; patterns of approvals/denials relate to risk.
PREV_AMT_CREDIT_max,Aggregates from previous applications; patterns of approvals/denials relate to risk.
PREV_AMT_CREDIT_min,Aggregates from previous applications; patterns of approvals/denials relate to risk.
PREV_AMT_DOWN_PAYMENT_mean,Aggregates from previous applications; patterns of approvals/denials relate to risk.
PREV_AMT_DOWN_PAYMENT_max,Aggregates from previous applications; patterns of approvals/denials relate to risk.
PREV_AMT_DOWN_PAYMENT_min,Aggregates from previous applications; patterns of approvals/denials relate to risk.
PREV_AMT_GOODS_PRICE_mean,Aggregates from previous applications; patterns of approvals/denials relate to risk.
PREV_AMT_GOODS_PRICE_max,Aggregates from previous applications; patterns of approvals/denials relate to risk.
PREV_AMT_GOODS_PRICE_min,Aggregates from previous applications; patterns of approvals/denials relate to risk.
PREV_HOUR_APPR_PROCESS_START_mean,Aggregates from previous applications; patterns of approvals/denials relate to risk.
PREV_HOUR_APPR_PROCESS_START_max,Aggregates from previous applications; patterns of approvals/denials relate to risk.
PREV_HOUR_APPR_PROCESS_START_min,Aggregates from previous applications; patterns of approvals/denials relate to risk.
PREV_NFLAG_LAST_APPL_IN_DAY_mean,Aggregates from previous applications; patterns of approvals/denials relate to risk.
PREV_NFLAG_LAST_APPL_IN_DAY_max,Aggregates from previous applications; patterns of approvals/denials relate to risk.
PREV_NFLAG_LAST_APPL_IN_DAY_min,Aggregates from previous applications; patterns of approvals/denials relate to risk.
PREV_RATE_DOWN_PAYMENT_mean,Aggregates from previous applications; patterns of approvals/denials relate to risk.
PREV_RATE_DOWN_PAYMENT_max,Aggregates from previous applications; patterns of approvals/denials relate to risk.
PREV_RATE_DOWN_PAYMENT_min,Aggregates from previous applications; patterns of approvals/denials relate to risk.
PREV_RATE_INTEREST_PRIMARY_mean,Aggregates from previous applications; patterns of approvals/denials relate to risk.
PREV_RATE_INTEREST_PRIMARY_max,Aggregates from previous applications; patterns of approvals/denials relate to risk.
PREV_RATE_INTEREST_PRIMARY_min,Aggregates from previous applications; patterns of approvals/denials relate to risk.
PREV_RATE_INTEREST_PRIVILEGED_mean,Aggregates from previous applications; patterns of approvals/denials relate to risk.
PREV_RATE_INTEREST_PRIVILEGED_max,Aggregates from previous applications; patterns of approvals/denials relate to risk.
PREV_RATE_INTEREST_PRIVILEGED_min,Aggregates from previous applications; patterns of approvals/denials relate to risk.
PREV_DAYS_DECISION_mean,Aggregates from previous applications; patterns of approvals/denials relate to risk.
PREV_DAYS_DECISION_max,Aggregates from previous applications; patterns of approvals/denials relate to risk.
PREV_DAYS_DECISION_min,Aggregates from previous applications; patterns of approvals/denials relate to risk.
PREV_SELLERPLACE_AREA_mean,Aggregates from previous applications; patterns of approvals/denials relate to risk.
PREV_SELLERPLACE_AREA_max,Aggregates from previous applications; patterns of approvals/denials relate to risk.
PREV_SELLERPLACE_AREA_min,Aggregates from previous applications; patterns of approvals/denials relate to risk.
PREV_CNT_PAYMENT_mean,Aggregates from previous applications; patterns of approvals/denials relate to risk.
PREV_CNT_PAYMENT_max,Aggregates from previous applications; patterns of approvals/denials relate to risk.
PREV_CNT_PAYMENT_min,Aggregates from previous applications; patterns of approvals/denials relate to risk.
PREV_DAYS_FIRST_DRAWING_mean,Aggregates from previous applications; patterns of approvals/denials relate to risk.
PREV_DAYS_FIRST_DRAWING_max,Aggregates from previous applications; patterns of approvals/denials relate to risk.
PREV_DAYS_FIRST_DRAWING_min,Aggregates from previous applications; patterns of approvals/denials relate to risk.
PREV_DAYS_FIRST_DUE_mean,Aggregates from previous applications; patterns of approvals/denials relate to risk.
PREV_DAYS_FIRST_DUE_max,Aggregates from previous applications; patterns of approvals/denials relate to risk.
PREV_DAYS_FIRST_DUE_min,Aggregates from previous applications; patterns of approvals/denials relate to risk.
PREV_DAYS_LAST_DUE_1ST_VERSION_mean,Aggregates from previous applications; patterns of approvals/denials relate to risk.
PREV_DAYS_LAST_DUE_1ST_VERSION_max,Aggregates from previous applications; patterns of approvals/denials relate to risk.
PREV_DAYS_LAST_DUE_1ST_VERSION_min,Aggregates from previous applications; patterns of approvals/denials relate to risk.
PREV_DAYS_LAST_DUE_mean,Aggregates from previous applications; patterns of approvals/denials relate to risk.
PREV_DAYS_LAST_DUE_max,Aggregates from previous applications; patterns of approvals/denials relate to risk.
PREV_DAYS_LAST_DUE_min,Aggregates from previous applications; patterns of approvals/denials relate to risk.
PREV_DAYS_TERMINATION_mean,Aggregates from previous applications; patterns of approvals/denials relate to risk.
PREV_DAYS_TERMINATION_max,Aggregates from previous applications; patterns of approvals/denials relate to risk.
PREV_DAYS_TERMINATION_min,Aggregates from previous applications; patterns of approvals/denials relate to risk.
PREV_NFLAG_INSURED_ON_APPROVAL_mean,Aggregates from previous applications; patterns of approvals/denials relate to risk.
PREV_NFLAG_INSURED_ON_APPROVAL_max,Aggregates from previous applications; patterns of approvals/denials relate to risk.
PREV_NFLAG_INSURED_ON_APPROVAL_min,Aggregates from previous applications; patterns of approvals/denials relate to risk.
CC_MONTHS_BALANCE_mean,Credit card usage/repayment aggregates; sharp utilization spikes can be early warnings.
CC_MONTHS_BALANCE_max,Credit card usage/repayment aggregates; sharp utilization spikes can be early warnings.
CC_MONTHS_BALANCE_min,Credit card usage/repayment aggregates; sharp utilization spikes can be early warnings.
CC_AMT_BALANCE_mean,Credit card usage/repayment aggregates; sharp utilization spikes can be early warnings.
CC_AMT_BALANCE_max,Credit card usage/repayment aggregates; sharp utilization spikes can be early warnings.
CC_AMT_BALANCE_min,Credit card usage/repayment aggregates; sharp utilization spikes can be early warnings.
CC_AMT_CREDIT_LIMIT_ACTUAL_mean,Credit card usage/repayment aggregates; sharp utilization spikes can be early warnings.
CC_AMT_CREDIT_LIMIT_ACTUAL_max,Credit card usage/repayment aggregates; sharp utilization spikes can be early warnings.
CC_AMT_CREDIT_LIMIT_ACTUAL_min,Credit card usage/repayment aggregates; sharp utilization spikes can be early warnings.
CC_AMT_DRAWINGS_ATM_CURRENT_mean,Credit card usage/repayment aggregates; sharp utilization spikes can be early warnings.
CC_AMT_DRAWINGS_ATM_CURRENT_max,Credit card usage/repayment aggregates; sharp utilization spikes can be early warnings.
CC_AMT_DRAWINGS_ATM_CURRENT_min,Credit card usage/repayment aggregates; sharp utilization spikes can be early warnings.
CC_AMT_DRAWINGS_CURRENT_mean,Credit card usage/repayment aggregates; sharp utilization spikes can be early warnings.
CC_AMT_DRAWINGS_CURRENT_max,Credit card usage/repayment aggregates; sharp utilization spikes can be early warnings.
CC_AMT_DRAWINGS_CURRENT_min,Credit card usage/repayment aggregates; sharp utilization spikes can be early warnings.
CC_AMT_DRAWINGS_OTHER_CURRENT_mean,Credit card usage/repayment aggregates; sharp utilization spikes can be early warnings.
CC_AMT_DRAWINGS_OTHER_CURRENT_max,Credit card usage/repayment aggregates; sharp utilization spikes can be early warnings.
CC_AMT_DRAWINGS_OTHER_CURRENT_min,Credit card usage/repayment aggregates; sharp utilization spikes can be early warnings.
CC_AMT_DRAWINGS_POS_CURRENT_mean,Credit card usage/repayment aggregates; sharp utilization spikes can be early warnings.
CC_AMT_DRAWINGS_POS_CURRENT_max,Credit card usage/repayment aggregates; sharp utilization spikes can be early warnings.
CC_AMT_DRAWINGS_POS_CURRENT_min,Credit card usage/repayment aggregates; sharp utilization spikes can be early warnings.
CC_AMT_INST_MIN_REGULARITY_mean,Credit card usage/repayment aggregates; sharp utilization spikes can be early warnings.
CC_AMT_INST_MIN_REGULARITY_max,Credit card usage/repayment aggregates; sharp utilization spikes can be early warnings.
CC_AMT_INST_MIN_REGULARITY_min,Credit card usage/repayment aggregates; sharp utilization spikes can be early warnings.
CC_AMT_PAYMENT_CURRENT_mean,Credit card usage/repayment aggregates; sharp utilization spikes can be early warnings.
CC_AMT_PAYMENT_CURRENT_max,Credit card usage/repayment aggregates; sharp utilization spikes can be early warnings.
CC_AMT_PAYMENT_CURRENT_min,Credit card usage/repayment aggregates; sharp utilization spikes can be early warnings.
CC_AMT_PAYMENT_TOTAL_CURRENT_mean,Credit card usage/repayment aggregates; sharp utilization spikes can be early warnings.
CC_AMT_PAYMENT_TOTAL_CURRENT_max,Credit card usage/repayment aggregates; sharp utilization spikes can be early warnings.
CC_AMT_PAYMENT_TOTAL_CURRENT_min,Credit card usage/repayment aggregates; sharp utilization spikes can be early warnings.
CC_AMT_RECEIVABLE_PRINCIPAL_mean,Credit card usage/repayment aggregates; sharp utilization spikes can be early warnings.
CC_AMT_RECEIVABLE_PRINCIPAL_max,Credit card usage/repayment aggregates; sharp utilization spikes can be early warnings.
CC_AMT_RECEIVABLE_PRINCIPAL_min,Credit card usage/repayment aggregates; sharp utilization spikes can be early warnings.
CC_AMT_RECIVABLE_mean,Credit card usage/repayment aggregates; sharp utilization spikes can be early warnings.
CC_AMT_RECIVABLE_max,Credit card usage/repayment aggregates; sharp utilization spikes can be early warnings.
CC_AMT_RECIVABLE_min,Credit card usage/repayment aggregates; sharp utilization spikes can be early warnings.
CC_AMT_TOTAL_RECEIVABLE_mean,Credit card usage/repayment aggregates; sharp utilization spikes can be early warnings.
CC_AMT_TOTAL_RECEIVABLE_max,Credit card usage/repayment aggregates; sharp utilization spikes can be early warnings.
CC_AMT_TOTAL_RECEIVABLE_min,Credit card usage/repayment aggregates; sharp utilization spikes can be early warnings.
CC_CNT_DRAWINGS_ATM_CURRENT_mean,Credit card usage/repayment aggregates; sharp utilization spikes can be early warnings.
CC_CNT_DRAWINGS_ATM_CURRENT_max,Credit card usage/repayment aggregates; sharp utilization spikes can be early warnings.
CC_CNT_DRAWINGS_ATM_CURRENT_min,Credit card usage/repayment aggregates; sharp utilization spikes can be early warnings.
CC_CNT_DRAWINGS_CURRENT_mean,Credit card usage/repayment aggregates; sharp utilization spikes can be early warnings.
CC_CNT_DRAWINGS_CURRENT_max,Credit card usage/repayment aggregates; sharp utilization spikes can be early warnings.
CC_CNT_DRAWINGS_CURRENT_min,Credit card usage/repayment aggregates; sharp utilization spikes can be early warnings.
CC_CNT_DRAWINGS_OTHER_CURRENT_mean,Credit card usage/repayment aggregates; sharp utilization spikes can be early warnings.
CC_CNT_DRAWINGS_OTHER_CURRENT_max,Credit card usage/repayment aggregates; sharp utilization spikes can be early warnings.
CC_CNT_DRAWINGS_OTHER_CURRENT_min,Credit card usage/repayment aggregates; sharp utilization spikes can be early warnings.
CC_CNT_DRAWINGS_POS_CURRENT_mean,Credit card usage/repayment aggregates; sharp utilization spikes can be early warnings.
CC_CNT_DRAWINGS_POS_CURRENT_max,Credit card usage/repayment aggregates; sharp utilization spikes can be early warnings.
CC_CNT_DRAWINGS_POS_CURRENT_min,Credit card usage/repayment aggregates; sharp utilization spikes can be early warnings.
CC_CNT_INSTALMENT_MATURE_CUM_mean,Credit card usage/repayment aggregates; sharp utilization spikes can be early warnings.
CC_CNT_INSTALMENT_MATURE_CUM_max,Credit card usage/repayment aggregates; sharp utilization spikes can be early warnings.
CC_CNT_INSTALMENT_MATURE_CUM_min,Credit card usage/repayment aggregates; sharp utilization spikes can be early warnings.
CC_SK_DPD_mean,Credit card usage/repayment aggregates; sharp utilization spikes can be early warnings.
CC_SK_DPD_max,Credit card usage/repayment aggregates; sharp utilization spikes can be early warnings.
CC_SK_DPD_min,Credit card usage/repayment aggregates; sharp utilization spikes can be early warnings.
CC_SK_DPD_DEF_mean,Credit card usage/repayment aggregates; sharp utilization spikes can be early warnings.
CC_SK_DPD_DEF_max,Credit card usage/repayment aggregates; sharp utilization spikes can be early warnings.
CC_SK_DPD_DEF_min,Credit card usage/repayment aggregates; sharp utilization spikes can be early warnings.
POS_MONTHS_BALANCE_mean,POS cash balance usage aggregates; short-term credit reliance captured.
POS_MONTHS_BALANCE_max,POS cash balance usage aggregates; short-term credit reliance captured.
POS_MONTHS_BALANCE_min,POS cash balance usage aggregates; short-term credit reliance captured.
POS_CNT_INSTALMENT_mean,POS cash balance usage aggregates; short-term credit reliance captured.
POS_CNT_INSTALMENT_max,POS cash balance usage aggregates; short-term credit reliance captured.
POS_CNT_INSTALMENT_min,POS cash balance usage aggregates; short-term credit reliance captured.
POS_CNT_INSTALMENT_FUTURE_mean,POS cash balance usage aggregates; short-term credit reliance captured.
POS_CNT_INSTALMENT_FUTURE_max,POS cash balance usage aggregates; short-term credit reliance captured.
POS_CNT_INSTALMENT_FUTURE_min,POS cash balance usage aggregates; short-term credit reliance captured.
POS_SK_DPD_mean,POS cash balance usage aggregates; short-term credit reliance captured.
POS_SK_DPD_max,POS cash balance usage aggregates; short-term credit reliance captured.
POS_SK_DPD_min,POS cash balance usage aggregates; short-term credit reliance captured.
POS_SK_DPD_DEF_mean,POS cash balance usage aggregates; short-term credit reliance captured.
POS_SK_DPD_DEF_max,POS cash balance usage aggregates; short-term credit reliance captured.
POS_SK_DPD_DEF_min,POS cash balance usage aggregates; short-term credit reliance captured.
INST_NUM_INSTALMENT_VERSION_mean,Installment payments aggregates (diff/ratio); adherence to schedule directly reflects behavior.
INST_NUM_INSTALMENT_VERSION_max,Installment payments aggregates (diff/ratio); adherence to schedule directly reflects behavior.
INST_NUM_INSTALMENT_VERSION_min,Installment payments aggregates (diff/ratio); adherence to schedule directly reflects behavior.
INST_NUM_INSTALMENT_NUMBER_mean,Installment payments aggregates (diff/ratio); adherence to schedule directly reflects behavior.
INST_NUM_INSTALMENT_NUMBER_max,Installment payments aggregates (diff/ratio); adherence to schedule directly reflects behavior.
INST_NUM_INSTALMENT_NUMBER_min,Installment payments aggregates (diff/ratio); adherence to schedule directly reflects behavior.
INST_DAYS_INSTALMENT_mean,Installment payments aggregates (diff/ratio); adherence to schedule directly reflects behavior.
INST_DAYS_INSTALMENT_max,Installment payments aggregates (diff/ratio); adherence to schedule directly reflects behavior.
INST_DAYS_INSTALMENT_min,Installment payments aggregates (diff/ratio); adherence to schedule directly reflects behavior.
INST_DAYS_ENTRY_PAYMENT_mean,Installment payments aggregates (diff/ratio); adherence to schedule directly reflects behavior.
INST_DAYS_ENTRY_PAYMENT_max,Installment payments aggregates (diff/ratio); adherence to schedule directly reflects behavior.
INST_DAYS_ENTRY_PAYMENT_min,Installment payments aggregates (diff/ratio); adherence to schedule directly reflects behavior.
INST_AMT_INSTALMENT_mean,Installment payments aggregates (diff/ratio); adherence to schedule directly reflects behavior.
INST_AMT_INSTALMENT_max,Installment payments aggregates (diff/ratio); adherence to schedule directly reflects behavior.
INST_AMT_INSTALMENT_min,Installment payments aggregates (diff/ratio); adherence to schedule directly reflects behavior.
INST_AMT_PAYMENT_mean,Installment payments aggregates (diff/ratio); adherence to schedule directly reflects behavior.
INST_AMT_PAYMENT_max,Installment payments aggregates (diff/ratio); adherence to schedule directly reflects behavior.
INST_AMT_PAYMENT_min,Installment payments aggregates (diff/ratio); adherence to schedule directly reflects behavior.
INST_PAYMENT_DIFF_mean,Installment payments aggregates (diff/ratio); adherence to schedule directly reflects behavior.
INST_PAYMENT_DIFF_max,Installment payments aggregates (diff/ratio); adherence to schedule directly reflects behavior.
INST_PAYMENT_DIFF_min,Installment payments aggregates (diff/ratio); adherence to schedule directly reflects behavior.
INST_PAYMENT_RATIO_mean,Installment payments aggregates (diff/ratio); adherence to schedule directly reflects behavior.
INST_PAYMENT_RATIO_max,Installment payments aggregates (diff/ratio); adherence to schedule directly reflects behavior.
INST_PAYMENT_RATIO_min,Installment payments aggregates (diff/ratio); adherence to schedule directly reflects behavior.
